timestamp,email
2025-01-10T11:26:06Z,ba429422c3ac473bd5203ab172f93dfa
2025-01-10T11:31:50Z,bafe0a742e2eeb970e26063fa5383816
2025-01-10T11:42:12Z,be97befe8372f2a1599aa3c235f2e86d
2025-01-10T12:09:14Z,8ca75f90ac283b53afeb93cc6628ed61
2025-01-10T12:19:57Z,8b50c1bccf3b8140ef37d823f3a9c266
2025-01-10T13:03:19Z,e31d57643f4aef1728b834a316a3c8c3
2025-01-10T14:56:42Z,5700e5e4c38956852edb540772381589
2025-01-10T15:09:31Z,bf7e3aa24cd68fa9f774775080e04f9d
2025-01-10T16:18:49Z,fbf6b2246b286c569d7b846b48a9562b
2025-01-13T10:02:16Z,48ceaaa439eb8fc5bc94c852b197fb91
2025-01-13T10:57:37Z,2f7a25d1aeca71fa70f9610380caac69
2025-01-13T18:30:32Z,86496a9cb6b220e8b57345a9ed7546c2
2025-01-14T10:15:06Z,2b8309df1a363e3b25b45086bc288899
2025-01-14T10:22:24Z,b59f86d4f8c3e101c3bbf18f3c598d46
2025-01-15T11:54:15Z,7660339ee7dea9594ad67a34d075b17f
2025-01-16T10:02:56Z,a81e7b4e15993e75197d8faeac182125
2025-01-17T09:35:10Z,90532564a2468da181f1e4db83ed4213
2025-01-17T09:35:19Z,762d204a1df36fddb17d1d54a7256437
2025-01-17T09:44:03Z,1e173f5dadd97cd1b44145ee5ff025ff
2025-01-17T09:45:26Z,becd67e003cb78a10073cf3465063e1d
2025-01-17T10:46:55Z,ecc76aa4b20534fa610f95b6158199a2
2025-01-17T10:49:21Z,4f3a23d92d65012408b2bfb7120f8764
2025-01-17T11:32:36Z,724bb923531a1b3184e42076d3417f9b
2025-01-17T11:40:10Z,2c1a0170629e6be47b38f5ff13396ad6
2025-01-17T11:45:05Z,2115c57ef1a1fe8d91250a49de075647
2025-01-18T15:18:12Z,f1d8ea1a03e91ca51871948dcde4e4bf
2025-01-20T10:32:59Z,a8edebb8517526f3b3b8f50d2c859ff4
2025-01-21T12:15:29Z,42354e95d1da401cfb874bda475fe13b
2025-01-23T10:55:53Z,126cb726c9089b47cc48f01d2d1a51bd
2025-01-30T11:26:27Z,caf8fb1d7117eba46f19383b29428040
2025-01-30T11:46:08Z,1fac605ae989611f58f5e8039f6c8a45
2025-01-31T09:47:00Z,540ba502040a94eb6aa328d491a25dbf
2025-01-31T09:56:59Z,ea9262d0df547dcb8e0b1f120ded71c9
2025-01-31T10:30:13Z,922a3d6be3a3b6e6f513b572b03426d4
2025-01-31T10:38:37Z,f19e900032c4fa310529ca36dc5388d3
2025-01-31T10:41:34Z,a40b00302e39c6fb8534dda2bd4af2cc
2025-01-31T11:39:40Z,42fcee1ece51125448ea5723f9cd657f
2025-01-31T12:13:25Z,7100321df6d5a63d3c169151b95c182b
2025-01-31T15:25:23Z,5ef42c9bd1ac9ccb39fd8261d8fdf3db
2025-01-31T15:57:54Z,9a4a7e1016e31784f7e4ed6d597ce09e
2025-01-31T16:08:18Z,3efb7a9e8d59727167d0756ae3acfde6
2025-02-01T18:03:57Z,34ef97f09ea0327c279e3c22040731c7
2025-02-05T13:16:35Z,932acb8c34b1d1a6a94bd7bb6b1800dd
2025-02-06T10:33:11Z,d2ad3d31944876e42700d1796e99f3a0
2025-02-08T11:12:08Z,5e3e38e63662787838d12bb2a070d5cd
2025-02-09T00:14:06Z,284b470ef4d33a372ee9e6536fce5045
2025-02-10T10:15:55Z,547d0224f7f3934a1568b8c05a6254af
2025-02-10T11:48:02Z,b9cde7db25058db6b49c98ec1aa170df
2025-02-12T16:23:40Z,9170090c5d93bd86f3e3550886194cdb
2025-02-13T19:29:31Z,062c5e49979032663c1b51a5942f6453
2025-02-16T19:42:26Z,f635c8bf11e80513674d9c7b7e4678ce
2025-02-17T11:59:24Z,9a352fbfe13ce0ba310390359f502664
2025-02-17T12:02:43Z,395649b662a0963aae114813e2edef91
2025-02-17T12:21:55Z,bc3131cba2cc033e9f4ca64b88af67f9
2025-02-17T12:24:19Z,3bbbf670e8ff6af047feb126231e5fd5
2025-02-17T12:26:53Z,5969887fa2786c2a268a90f07449e335
2025-02-17T13:07:25Z,56738cd4a07710e030f59a13369f2ff6
2025-02-17T13:11:16Z,01c0f0654d902719e04d32d11ec2726d
2025-02-17T13:43:28Z,4cc71b0b3974d4e1267bcb740d3d78f5
2025-02-17T14:07:50Z,251b5b5877dc2681e1135ee94b689eb7
2025-02-17T14:33:06Z,69c42c91b5cb7a05c81292b94c055ce6
2025-02-17T15:42:26Z,198a93874d1bc0a83981ae2c3974bbb4
2025-02-17T23:11:47Z,f399194774901a5241aac4ea3fcb65a5
2025-02-18T06:52:09Z,df2b5297b32d31c87235a33ecc9a3654
2025-02-21T09:42:08Z,0ba28c703e789b99578131d5a840e6a8
2025-02-25T16:18:59Z,83be6e4f73fa57b4b5976e02f1cbc750
2025-02-27T17:43:35Z,ef238294cadce90c8326a769dcb96012
